<?xml version="1.0" encoding="UTF-8"?>
<beans xmlns="http://www.springframework.org/schema/beans"
	xmlns:xsi="http://www.w3.org/2001/XMLSchema-instance" 
	xmlns:aop="http://www.springframework.org/schema/aop"
	xsi:schemaLocation="http://www.springframework.org/schema/beans 
	http://www.springframework.org/schema/beans/spring-beans-3.0.xsd">

	<bean id="currencyConverter" class="com.igate.intro.CurrencyConverterImpl">
		<constructor-arg>
		<value>66.25</value>
		</constructor-arg>
		<!--<constructor-arg index="0"><value>44.25</value></constructor-arg>-->
		<!--<constructor-arg type="double"><value>44.25</value></constructor-arg>-->
	</bean>

</beans>