<?xml version="1.0" encoding="UTF-8"?>
<beans xmlns="http://www.springframework.org/schema/beans"
	xmlns:xsi="http://www.w3.org/2001/XMLSchema-instance" 
	xmlns:aop="http://www.springframework.org/schema/aop"
	xsi:schemaLocation="http://www.springframework.org/schema/beans 
	http://www.springframework.org/schema/beans/spring-beans-3.0.xsd">

	<bean id="customEditorConfigurer"
		class="org.springframework.beans.factory.config.CustomEditorConfigurer">
		<property name="customEditors">
			<map>
				<entry key="java.sql.Date">
					<bean class="com.igate.intro.SQLDateEditor" />
				</entry>
			</map>
		</property>
	</bean>
	
	<bean id="employee"	class="com.igate.intro.Employee"><!--
		 <property name="date"><value>2012-04-30</value></property> 
		
		-->
		<property name="date"><value>getDate()</value></property>
	</bean>
	
</beans>