<?xml version="1.0" encoding="UTF-8"?>
<beans xmlns="http://www.springframework.org/schema/beans"
	xmlns:xsi="http://www.w3.org/2001/XMLSchema-instance" 
	xmlns:aop="http://www.springframework.org/schema/aop"
	xsi:schemaLocation="http://www.springframework.org/schema/beans 
	http://www.springframework.org/schema/beans/spring-beans-3.0.xsd">

	<bean id="exchangeService" class="com.igate.intro.ExchangeServiceImpl" scope="singleton">
	  <constructor-arg><value>50.25</value></constructor-arg>
	</bean>

	<bean id="currencyConverter" class="com.igate.intro.CurrencyConverterImpl" autowire="byName"/>
 
 
 <bean id="exchangeService1" class="com.igate.intro.ExchangeServiceImpl">   
	  <constructor-arg><value>44.25</value></constructor-arg>
	</bean>   


</beans>