<?xml version="1.0" encoding="UTF-8"?>
<beans xmlns="http://www.springframework.org/schema/beans"
	xmlns:xsi="http://www.w3.org/2001/XMLSchema-instance" 
	xmlns:aop="http://www.springframework.org/schema/aop"
	xsi:schemaLocation="http://www.springframework.org/schema/beans 
	http://www.springframework.org/schema/beans/spring-beans-3.0.xsd">


	<bean id="user" class="com.igate.bfpp.User">
		<property name="username"><value>${username}</value></property>
		<property name="password"><value>${password}</value></property>
	</bean>
	
	<bean id="placeHolderConfig" 
		class="org.springframework.beans.factory.config.PropertyPlaceholderConfigurer">
		<property name="location"><value>user.properties</value></property>
	</bean>
	
	
	
	
</beans>